{
  "id": "",
  "name": "",
  "font_family": "iconfont",
  "css_prefix_text": "icon-",
  "description": "",
  "glyphs": [
    {
      "icon_id": "212782",
      "name": "show-password ",
      "font_class": "showpassword",
      "unicode": "ea3f",
      "unicode_decimal": 59967
    },
    {
      "icon_id": "768587",
      "name": "password-b",
      "font_class": "3702mima",
      "unicode": "e66c",
      "unicode_decimal": 58988
    },
    {
      "icon_id": "1277697",
      "name": "首页",
      "font_class": "shouye",
      "unicode": "e653",
      "unicode_decimal": 58963
    },
    {
      "icon_id": "1727269",
      "name": "06商品",
      "font_class": "shangpin",
      "unicode": "e888",
      "unicode_decimal": 59528
    },
    {
      "icon_id": "1727362",
      "name": "25单据",
      "font_class": "danju",
      "unicode": "e89b",
      "unicode_decimal": 59547
    },
    {
      "icon_id": "1727367",
      "name": "28体积、空间",
      "font_class": "tijikongjian",
      "unicode": "e89f",
      "unicode_decimal": 59551
    },
    {
      "icon_id": "1727461",
      "name": "225默认头像",
      "font_class": "morentouxiang",
      "unicode": "e8c9",
      "unicode_decimal": 59593
    },
    {
      "icon_id": "1727589",
      "name": "406报表",
      "font_class": "baobiao",
      "unicode": "e902",
      "unicode_decimal": 59650
    },
    {
      "icon_id": "5428576",
      "name": "user",
      "font_class": "user",
      "unicode": "e72c",
      "unicode_decimal": 59180
    },
    {
      "icon_id": "7008959",
      "name": "lock_fill",
      "font_class": "lock_fill",
      "unicode": "e709",
      "unicode_decimal": 59145
    },
    {
      "icon_id": "12579563",
      "name": "users",
      "font_class": "users",
      "unicode": "e7a5",
      "unicode_decimal": 59301
    }
  ]
}
